symbol,direction,relative_volume,percent_change,avg_volume,float_shares,price,has_catalyst,market_regime,plan_entry,plan_stop,plan_target,plan_risk_per_share,execution_timestamp,spread_percent,indication_strength_pct,correction_depth_pct,correction_duration_bars,confirmation_strength_pct,confirmation_duration_bars,breakout_candle_size_pct,pullback_volume,confirmation_volume,volume_expansion_on_confirmation,vwap_distance_pct,hour_et,minute_et,return_1m_pct,return_3m_pct,return_5m_pct,return_10m_pct,return_15m_pct,return_30m_pct,return_60m_pct,mfe_pct,mae_pct,mfe_r,mae_r,time_to_mfe_min,time_to_mae_min,mfe_before_mae,time_to_0.5R_min,time_to_1.0R_min,time_to_1.5R_min,time_to_2.0R_min
ENTA,bullish,14.54250082047916,76.9861286254729,12188.0,,14.035,True,,15.145,13.424854999999999,18.58529,1.7201450000000005,2025-09-29 19:50:00+00:00,0.09999999999997924,0.7662835249042106,6.374085684430518,15,2.434900236726408,20,0.6260869565217381,971.625,548.55,0.5645696642223079,30.893489722906754,15,50,-0.5282271376691983,-0.8583690987124397,-3.499504787058431,0.4291845493562317,0.4291845493562317,0.4291845493562317,0.4291845493562317,0.8913832948167699,3.499504787058431,0.07848175589848516,0.30811356019405295,7.0,5.0,False,,,,
FLY,bearish,6.4222033538526855,-21.924482338611455,26381.6,,28.845,True,,29.265,29.105735000000003,29.583529999999996,0.15926499999999777,2025-09-30 19:36:00+00:00,0.09999999999998363,3.018002117896225,2.841510765972479,7,0.017088174982908426,82,0.0,239.375,306.7073170731707,1.2812838311150734,2.2170903826465715,15,36,0.13668204339654585,-0.05125576627370773,0.2562788313685265,0.5808986844353381,0.7004954724073188,-0.15376729882111106,-0.15376729882111106,0.7004954724073188,0.580898684435326,1.2871629045930035,1.067403384296616,15.0,21.0,True,2.0,7.0,,
IDR,bullish,6.391568992404045,15.963984564813494,9939.5,,40.57,False,,40.35,40.23465,40.5807,0.1153499999999994,2025-10-06 19:34:00+00:00,0.09999999999997385,1.961032388663964,1.910425101214563,1,0.1364933614592374,1,0.0,205.0,199.0,0.9707317073170731,2.157624033541649,15,34,0.012391573729852423,0.024783147459722453,0.19826517967781485,-0.45848822800496225,-0.3469640644361848,0.14869888475835233,0.14869888475835233,0.2973977695167223,0.45848822800496225,1.0403120936280719,1.6038144776766645,21.0,8.0,False,5.0,21.0,,
POET,bullish,14.08362244058798,23.492560689115113,78431.1,,7.885,True,,7.995,7.857005,8.270990000000001,0.1379950000000001,2025-10-07 19:42:00+00:00,0.09999999999999135,0.570342205323193,0.316856780735101,3,0.31367628607277737,16,0.761904761904757,12351.5,14164.0,1.1467433105290856,6.382126441608885,15,42,0.3126954346466475,-0.125078173858659,-0.2501563477173291,-0.8755472170106351,-1.751094434021259,-1.5634771732332706,-1.5634771732332706,0.6879299562226467,2.2514071294559064,0.3985651654045478,1.3043950867785035,2.0,14.0,True,,,,
NNE,bearish,5.36853237389058,-14.947815319299492,58200.45,,48.08,True,,47.615,48.197615,46.44977000000001,0.582614999999997,2025-10-08 19:52:00+00:00,0.09999999999998593,1.086733647734265,1.2712733237646185,8,0.010499790004190367,20,0.0,600.0,1139.95,1.8999166666666667,-4.639108368412082,15,52,0.31502677727606543,0.9870839021316788,1.1235955056179854,1.2496062165284025,1.2496062165284025,1.2496062165284025,1.2496062165284025,1.2916097868318848,0.0,1.0555855925439699,0.0,7.0,2.0,False,2.0,4.0,,
POET,bullish,5.037475062207326,14.485387547649298,152654.85,,9.01,True,,9.18,8.40082,10.73836,0.7791800000000002,2025-10-08 19:55:00+00:00,0.1000000000000069,0.4999999999999992,6.555555555555554,9,0.4376367614879556,327,1.6183035714285663,4814.0,1915.4525993883792,0.3978921062294099,7.164211762849021,15,55,-0.05446623093680834,-0.27233115468409974,0.32679738562092747,0.32679738562092747,0.32679738562092747,0.32679738562092747,0.32679738562092747,0.3812636165577358,0.3812636165577358,0.044919017428578935,0.044919017428578935,4.0,3.0,False,,,,
IZEA,bullish,20.69887915607045,19.565217391304337,530.85,,4.675,False,,4.8,4.5702,5.2596,0.2298,2025-10-10 19:47:00+00:00,0.09999999999998899,0.4192872117400517,4.088050314465397,4,0.2087682672233776,8,0.8421052631578954,1169.2,351.25,0.300419089976052,4.290583961632676,15,47,,-0.6250000000000052,0.8333333333333341,2.9166666666666785,2.187500000000009,2.187500000000009,2.187500000000009,6.041666666666668,0.6250000000000052,1.2619669277632726,0.13054830287206373,7.0,3.0,False,7.0,7.0,,
LENZ,bearish,5.281036194408307,-14.872904272579774,13951.05,,39.35,True,,39.29,39.49929,38.87141999999999,0.20929000000000286,2025-10-10 19:37:00+00:00,0.09999999999998486,0.22819472616631922,0.050709939148080946,2,0.08900190718373475,1,0.13977128335451008,483.6666666666667,154.0,0.31840110268780153,-4.3818515067028265,15,37,-0.0,-1.412573173835581,-2.0743191651819743,-1.2853143293458962,-0.15271061338763622,1.2853143293458962,1.2853143293458962,2.0615932807330166,2.2270297785696105,3.8702279134215254,4.18080175832571,22.0,6.0,False,18.0,19.0,19.0,20.0
POWI,bullish,5.348663075020662,22.6970834536529,32185.8,,42.49,True,,42.55,41.21745,45.21509999999999,1.3325499999999977,2025-10-13 19:41:00+00:00,0.09999999999997986,0.12300123001231063,1.50061500615006,4,0.09409550693954163,210,0.3568352405561785,2531.0,764.4428571428572,0.3020319467178416,4.473817860470424,15,41,0.3525264394829746,0.3525264394829746,0.4230317273795528,0.6580493537015304,1.4101057579318483,1.5511163337250382,1.5511163337250382,1.5746180963572312,0.0,0.5027953922929743,0.0,16.0,1.0,False,16.0,,,
OEC,bearish,6.024286753855479,-16.07012417823228,32087.45,,5.745,True,,5.755,5.6892450000000006,5.886509999999999,0.06575499999999934,2025-10-14 19:52:00+00:00,0.09999999999997992,7.289719626168235,6.448598130841134,7,0.08695652173912859,13,0.08710801393728036,805.25,626.6923076923077,0.7782580660568863,4.914303134823774,15,52,0.0868809730668965,-0.34752389226760144,-0.5212858384013944,0.0868809730668965,0.0868809730668965,0.0868809730668965,0.0868809730668965,0.2606429192006895,1.1294526498696853,0.2281195346361468,0.9885179834233296,1.0,7.0,True,,,,
RDZN,bullish,6.731764977965078,16.143497757847527,3891.55,,1.295,True,,1.345,1.1936550000000001,1.6476899999999997,0.15134499999999984,2025-10-14 19:49:00+00:00,0.09999999999997826,1.984126984126977,5.158730158730155,13,1.5094339622641524,19,0.3891050583657678,657.3571428571429,289.57894736842104,0.44051996774507163,6.511290536741885,15,49,,0.0,0.0,0.7434944237918222,0.7434944237918222,0.7434944237918222,0.7434944237918222,0.7434944237918222,0.0,0.06607420132809158,0.0,6.0,3.0,False,,,,
GSIT,bearish,8.261682119117522,-15.011547344110863,60357.2,,11.04,True,,10.725,11.460725,9.253549999999999,0.7357250000000004,2025-10-21 19:30:00+00:00,0.09999999999997398,1.4341590612777133,0.4780530204259147,13,2.5442980463425817,216,2.738515901060075,2351.6428571428573,883.0925925925926,0.37552155928367087,-15.834100548702068,15,30,0.6993006993006927,-0.8857808857808918,-1.4452214452214558,-0.27972027972029034,-2.5641025641025674,-2.0512820512820573,-2.0512820512820573,1.1655011655011656,3.869463869463878,0.16990043834313084,0.5640694552991956,1.0,15.0,True,,,,
KALU,bullish,13.681977370689655,19.68802156887918,2969.6,,93.225,True,,92.825,93.862825,90.74935,1.037824999999998,2025-10-23 19:34:00+00:00,0.09999999999997457,0.19788212643062153,0.29949727243555585,4,0.32749919467410354,8,0.19827447618025618,169.0,255.25,1.5103550295857988,-2.0711041120246123,15,34,0.09157015890115135,-0.08079719903043667,0.04309183948288935,0.04847831941826201,0.2854834365741994,0.09157015890115135,0.09157015890115135,0.6302181524373754,0.20468623754376267,0.5636788475899066,0.18307518126851643,16.0,3.0,False,16.0,,,
DECK,bearish,5.30438827062993,-13.784864443144142,149856.3,,88.405,True,,87.205,88.027205,85.56059,0.8222049999999967,2025-10-24 19:42:00+00:00,0.09999999999998062,0.5383656352714592,0.32868638784994475,1,0.028659864725445013,318,0.6018571592341986,901.5,1905.7012578616352,2.113922637672363,-1.979835345308451,15,42,0.131873172409833,-0.3038816581618033,-0.33828335531219733,-0.017200848575197027,0.20067656671062112,0.26947996101140925,0.26947996101140925,0.30961527435353026,0.40135313342125856,0.3283852567182115,0.42568459204214265,16.0,5.0,False,,,,
INBX,bullish,9.349142326051451,100.47720042417818,11082.3,,56.715,True,,58.75,54.91625,66.4175,3.833750000000002,2025-10-24 19:35:00+00:00,0.09999999999998162,0.23636363636364102,0.04545454545454287,5,2.4768881911739085,39,0.39970930232557933,1063.8333333333333,436.28205128205127,0.4101037611925909,15.195111299777436,15,35,-0.39148936170212234,1.9574468085106358,1.0042553191489418,-0.8595744680851107,0.20425531914893183,-2.553191489361702,-2.553191489361702,2.178723404255321,2.9361702127659597,0.33387675252689936,0.4499510922725792,16.0,21.0,True,,,,
LRN,bearish,24.027424847545454,-54.296595273745204,22096.75,,70.205,True,,69.41,70.48941,67.25117999999998,1.07941000000001,2025-10-29 19:31:00+00:00,0.100000000000007,0.19937339789233918,0.2848191398462017,4,0.8428571428571477,2,0.38527397260273405,1297.2,3041.5,2.3446654332408263,-10.706727357930221,15,31,0.08644287566633378,0.34577150266531465,0.07923930269412564,0.3529750756375023,-0.5258608269701903,-1.1021466647457148,-1.1021466647457148,0.7779858809969631,2.117850453825096,0.5002732974495206,1.3618550875014919,8.0,28.0,True,8.0,,,
PUMP,bullish,5.181258258243508,51.366120218579226,111971.45,,11.08,True,,11.2,10.9438,11.712399999999999,0.25619999999999976,2025-10-29 19:45:00+00:00,0.09999999999998899,0.13636363636364154,0.40909090909090845,12,0.5385996409335612,11,0.5476951163852167,2129.230769230769,4068.818181818182,1.9109333946400422,10.065724953749653,15,45,-0.13392857142856066,0.44642857142857784,0.22321428571428892,-0.3125000000000013,-0.6696428571428509,-0.6696428571428509,-0.6696428571428509,0.5803571428571543,0.8928571428571397,0.2537080405932917,0.390320062451209,4.0,12.0,True,,,,
FMC,bearish,10.320406946069323,-45.48581255374033,104623.2,,15.85,True,,15.72,16.00572,15.148560000000002,0.28571999999999953,2025-10-30 19:41:00+00:00,0.09999999999998842,0.3685503685503825,1.781326781326787,8,0.22215169787369177,326,1.0188329731398527,7271.111111111111,2478.006134969325,0.3408015772421138,-5.222233654366963,15,41,0.28625954198473236,0.41348600508906663,0.34987277353690516,0.6679389312977126,1.4949109414758346,1.2722646310432637,1.2722646310432637,1.6539440203562326,0.0,0.9099818003639935,0.0,17.0,5.0,False,14.0,,,
CRBP,bearish,6.901704884305787,-27.96092796092795,15845.65,,11.8,True,,11.695,11.821695,11.44161,0.12669499999999978,2025-10-31 19:33:00+00:00,0.0999999999999963,0.25466893039048694,0.254668930390502,2,0.1280956447480834,31,0.3415883859948689,725.0,576.7096774193549,0.7954616240266964,-4.545018735527859,15,33,-0.0,-0.5130397605814493,-0.04275331338177858,-0.7268063274903726,-1.7956391620350498,-3.3775117571611766,-3.3775117571611766,0.0,3.3775117571611766,0.0,3.117723667074473,1.0,26.0,True,,,,
RLMD,bullish,49.3269599728109,19.004524886877824,4560.65,,2.63,True,,2.73,2.59727,2.99546,0.13273000000000001,2025-11-04 20:55:00+00:00,0.09999999999998818,0.5660377358490614,1.886792452830182,9,0.1834862385321062,34,1.6917293233082678,1449.2,1419.0588235294117,0.9792015067136431,10.478710608112948,15,55,-1.4652014652014667,0.36630036630037477,2.380952380952379,2.380952380952379,2.380952380952379,2.380952380952379,2.380952380952379,2.9304029304029333,2.1978021978021998,0.6027273412190165,0.4520455059142624,4.0,2.0,False,4.0,,,
PRMB,bearish,5.165782514549751,-20.42393464340914,203500.05,,18.02,True,,17.61,18.42761,15.974779999999996,0.817610000000002,2025-11-06 20:55:00+00:00,0.09999999999998684,0.2530222097273079,3.5141973573235874,9,0.22662889518413115,346,1.2464589235127617,4458.2,3045.0549132947976,0.6830233980742896,-4.497368471292313,15,55,0.0851788756388448,-0.766609880749583,-0.738216922203288,-0.738216922203288,-0.738216922203288,-0.738216922203288,-0.738216922203288,0.3123225440090841,0.9653605905735475,0.06726923594378685,0.20792309291716257,2.0,3.0,True,,,,
GANX,bullish,5.680171301351409,27.040816326530624,14103.8,,2.49,False,,2.52,2.45748,2.6450400000000003,0.06252000000000013,2025-11-10 20:43:00+00:00,0.09999999999998545,0.20120724346077817,1.0060362173038195,2,1.2048192771084258,5,0.0,133.33333333333334,685.2,5.139,9.83309688074938,15,43,-0.396825396825406,-0.396825396825406,0.39682539682538837,-1.1904761904761827,-0.396825396825406,-1.3888888888888946,-1.3888888888888946,0.39682539682538837,1.3888888888888946,0.15994881637875505,0.5598208573256569,5.0,16.0,True,,,,
FTCI,bullish,9.497113907229767,39.743589743589745,1204.05,,10.355,True,,10.7,10.3443,11.411399999999997,0.3556999999999988,2025-11-12 20:39:00+00:00,0.09999999999999937,1.936108422071629,0.24201355275895794,4,1.6144349477682804,2,0.0,118.0,392.5,3.3262711864406778,7.321186314673238,15,39,,,0.1869158878504799,1.1682242990654208,1.6822429906542196,4.252336448598132,4.252336448598132,6.168224299065423,0.0,1.8554962046668608,0.0,8.0,4.0,False,8.0,8.0,8.0,
GRSD,bearish,5.077572404288523,-25.1466275659824,39472.8,,5.105,False,,5.205,5.024795,5.56541,0.18020499999999995,2025-11-13 20:50:00+00:00,0.10000000000000243,0.19267822736030416,3.082851637764935,10,0.0961538461538441,171,0.0,817.4545454545455,751.8187134502924,0.9197070560446192,2.8472644466280483,15,50,0.28818443804033966,0.09606147934677989,0.38424591738713665,-0.8645533141210362,-0.8645533141210362,-0.8645533141210362,-0.8645533141210362,0.5763688760806964,0.8645533141210362,0.16647706778391422,0.24971560167586881,6.0,9.0,True,,,,
MCRB,bullish,5.864691332035156,16.524563540397892,3800.2,,28.7,False,,29.005,28.590995,29.833009999999998,0.4140049999999995,2025-11-19 20:35:00+00:00,0.09999999999999293,0.4244031830238762,1.2201591511936425,9,0.017241379310341396,2,0.0,234.4,640.5,2.732508532423208,5.091182331983232,15,35,,0.49991380796414264,0.8102051370453351,1.1377348732977137,0.4137217721082606,-1.1377348732977015,-1.1377348732977015,2.034132046198931,1.5686950525771362,1.4251035615511907,1.0990205432301516,14.0,21.0,True,5.0,14.0,,
CRNC,bullish,5.102614556814313,29.471032745591923,46703.9,,10.28,True,,10.205,10.295205,10.024590000000002,0.0902049999999992,2025-11-20 20:30:00+00:00,0.09999999999999148,0.09732360097323393,0.09732360097323393,4,0.24437927663734463,1,0.0,523.4,360.0,0.6878104700038212,-7.1562937911104285,15,30,0.0,0.34296913277805136,0.4409603135717779,0.29397354238117945,0.09799118079372648,-1.224889759921607,-1.224889759921607,0.8329250367466838,1.42087212150906,0.9422980987750106,1.6074496979103248,6.0,29.0,True,2.0,,,
QTTB,bullish,296.7025446400796,83.48623853211008,1607.3,,4.0,True,,3.8,4.0738,3.252399999999999,0.2738000000000005,2025-12-01 20:51:00+00:00,0.0999999999999773,1.1553273427471098,4.492939666238774,7,1.0416666666666676,59,0.7792207792207742,502.75,443.1186440677966,0.8813896450876113,-23.891636633357674,15,51,0.0,1.578947368421054,0.2631578947368482,1.0526315789473695,1.0526315789473695,1.0526315789473695,1.0526315789473695,1.8421052631579022,0.3947368421052548,0.25566106647187786,0.05478451424397244,3.0,7.0,True,,,,
JANX,bearish,7.002925406742278,-52.07291972949132,54180.5,,16.3,True,,16.17,16.42117,15.667660000000005,0.25116999999999834,2025-12-02 20:31:00+00:00,0.09999999999997126,0.24585125998770221,0.8297480024585222,5,0.06180469715697163,16,0.18495684340321294,1020.1666666666666,1020.5,1.000326743996079,-5.420112575012934,15,31,-0.18552875695731344,-0.40197897340753075,-0.030921459492881907,0.61842918985777,0.5565862708720062,2.0098948670377306,2.0098948670377306,2.473716759431058,0.5256648113790803,1.5925468805988165,0.33841621212723594,28.0,4.0,False,9.0,19.0,22.0,
ORKT,bullish,475.45839210155145,40.68627450980393,35.45,,1.435,True,,1.74,1.57826,2.06348,0.16174,2025-12-08 20:36:00+00:00,0.09999999999999154,3.433476394849788,35.622317596566525,11,0.5780346820809253,16,0.8298755186721999,728.4166666666666,394.9375,0.542186248712962,18.62294217196442,15,36,3.448275862068969,4.5977011494252915,9.19540229885057,13.505747126436788,24.712643678160916,36.78160919540229,36.78160919540229,44.827586206896555,0.0,4.822554717447756,0.0,24.0,4.0,False,1.0,6.0,6.0,6.0
COOK,bullish,5.012780941296069,23.930069930069937,6787.45,,0.8861,True,,0.9234,0.8851766,0.9998468,0.03822340000000002,2025-12-09 20:36:00+00:00,0.09999999999997797,0.2682763246143605,0.9501453163424942,4,2.2591362126245818,1,0.0,154.8,160.0,1.0335917312661498,14.999424222729093,15,36,,,,,-1.2453974442278486,-0.725579380550145,-0.725579380550145,0.0,1.451158761100278,0.0,0.3505705928828927,23.0,21.0,False,,,,
DBI,bullish,5.3920572487427165,43.82716049382716,33216.45,,6.99,True,,7.065,6.942935,7.309130000000001,0.12206500000000009,2025-12-09 20:45:00+00:00,0.09999999999998568,0.0717360114777603,0.2869440459110412,3,0.7845934379458004,39,0.0,613.5,705.6410256410256,1.1501891208492676,7.552784049246859,15,45,0.212314225053074,1.4861995753715433,1.910828025477704,1.2031139419674446,2.3354564755838645,2.3354564755838645,2.3354564755838645,2.3354564755838645,0.07077140835103725,1.3517388276737796,0.0409617826567876,7.0,1.0,False,3.0,5.0,,
PHR,bearish,5.490693773215641,-22.589463220675952,50074.0,,15.575,True,,15.43,15.52543,15.239139999999999,0.09543000000000035,2025-12-09 20:59:00+00:00,0.09999999999999029,2.796104304115605,2.5447690857681393,3,0.06476683937823696,206,0.1943005181347224,357.25,1122.126213592233,3.141011094729833,-2.694273892330716,15,59,,,,,,,,,,,,,,,,,,
DXYZ,bullish,5.440239617533552,13.249211356466875,26041.5,,35.9,True,,35.925,35.814075,36.146849999999986,0.11092499999999461,2025-12-11 20:35:00+00:00,0.09999999999997711,4.575925386184786,4.488487321480615,2,0.04177109440267494,1,0.055756899916373365,736.6666666666666,200.0,0.2714932126696833,3.0860195500433316,15,35,,0.041753653444678,0.3479471120389701,0.9881697981906862,2.2964509394572103,2.9923451635351506,2.9923451635351506,2.9923451635351506,0.013917884481546145,9.691232814965561,0.04507550146491499,24.0,2.0,False,4.0,4.0,7.0,7.0
GRWG,bullish,8.396427052318163,33.098591549295776,6230.15,,1.89,True,,1.93,1.80807,2.1738599999999995,0.12192999999999987,2025-12-12 20:30:00+00:00,0.09999999999998783,0.2710027100271065,1.8970189701896976,21,1.3123359580052447,14,0.0,574.9545454545455,365.35714285714283,0.6354539602227166,6.10261272269037,15,30,,-1.0362694300518145,-1.0362694300518145,-0.5181347150259072,-1.5544041450777215,2.072538860103629,2.072538860103629,2.072538860103629,2.072538860103629,0.3280570819322569,0.3280570819322569,29.0,16.0,False,,,,
IMNM,bearish,8.162253343118069,-13.069391230310757,78489.6,,20.42,True,,20.315,20.550315,19.84437,0.23531499999999994,2025-12-17 20:49:00+00:00,0.09999999999998291,0.24509803921567236,0.6372549019607969,10,0.049200492004910265,13,0.17220172201722087,1487.3636363636363,1768.3076923076924,1.1888872694446928,-3.762515924064446,15,49,-0.07383706620722133,0.3199606202313624,1.550578390351963,2.559684961850847,2.559684961850847,2.559684961850847,2.559684961850847,2.6335220280580858,0.2707359094265307,2.2735482225952457,0.23372925652848192,10.0,1.0,False,4.0,5.0,6.0,9.0
KYTX,bearish,11.593679095636809,-32.32421875000001,42332.55,,6.93,True,,6.9,7.0569,6.586200000000002,0.15689999999999937,2025-12-17 20:59:00+00:00,0.09999999999999863,2.8011204481792618,1.2605042016806705,13,0.4329004329004237,112,0.0,497.57142857142856,2186.6875,4.3947207866781515,-2.493971749996105,15,59,,,,,,,,,,,,,,,,,,
DJT,bullish,6.7930717374353575,43.55300859598852,173007.3,,15.03,True,,15.145,14.944855,15.545289999999998,0.20014499999999913,2025-12-18 20:45:00+00:00,0.09999999999997924,0.1662234042553215,0.5319148936170099,7,0.0991407799074606,15,0.5003335557037978,2889.375,3847.0666666666666,1.3314528805249117,7.117970900204123,15,45,-0.06602839220864831,0.09904258831297834,-0.26411356883459325,-1.9808517662594844,-1.8157807857378698,-1.8157807857378698,-1.8157807857378698,0.3631561571475716,2.277979531198408,0.2748007694421542,1.7237502810462435,5.0,10.0,True,,,,
LW,bearish,14.761701022263649,-25.696959487913755,52354.4,,44.11,True,,43.99,44.18399,43.60202,0.19398999999999944,2025-12-19 20:37:00+00:00,0.0999999999999858,0.2025202520251942,0.6750675067506687,35,0.09084714967067714,2,0.33821871476888066,3017.3333333333335,1025.5,0.33986964206805126,-2.9165610146982814,15,37,-0.02273243919072064,-0.02273243919072064,-0.1591270743350768,-0.3864514662423155,-0.3182541486701536,0.045464878381457435,0.045464878381457435,0.5910434189588659,0.7615367128892949,1.3402752719212634,1.726893138821598,22.0,13.0,False,22.0,22.0,,
MLTX,bullish,5.863149562529156,25.208913649025078,61524.1,,17.98,True,,18.47,18.34153,18.72694,0.12847000000000008,2026-01-09 20:49:00+00:00,0.10000000000000353,0.10881392818280508,0.10881392818280508,3,0.2986695628563656,46,0.16330974414805433,1039.5,1632.9782608695652,1.5709266578831798,5.039132804074499,15,49,-0.4872766648619376,0.02707092582567709,0.37899296155928686,0.2707092582566362,0.2707092582566362,0.2707092582566362,0.2707092582566362,0.9474824038982171,0.4872766648619376,1.3621857242936137,0.7005526582081405,9.0,1.0,False,4.0,8.0,,
OM,bullish,12.978728617673244,21.748633879781423,18365.05,,5.57,True,,5.67,5.60433,5.80134,0.0656699999999999,2026-01-12 20:39:00+00:00,0.09999999999997372,2.4478694469628413,1.7225747960108913,2,0.3539823008849482,152,0.0,212.33333333333334,466.20394736842104,2.1956229860365197,2.379253247994325,15,39,-0.8818342151675453,-1.5873015873015848,-2.1164021164021185,0.0,-0.9700176366842983,-1.5873015873015848,-1.5873015873015848,0.0,2.1164021164021185,0.0,1.8273184102329876,1.0,4.0,True,,,,
IBRX,bullish,6.632120689484893,35.308953341740235,577143.9,,5.365,True,,5.54,5.38446,5.8510800000000005,0.15554000000000023,2026-01-16 20:48:00+00:00,0.09999999999999781,5.984555984555994,4.0540540540540535,6,0.09033423667569816,215,1.0958904109589134,7195.142857142857,5403.674418604651,0.7510169743523917,9.899611366464988,15,48,-0.27075812274367655,0.09025270758122551,-0.27075812274367655,-0.8122743682310456,-0.27075812274367655,-0.27075812274367655,-0.27075812274367655,0.5415162454873691,1.1732851985559638,0.19287643050019418,0.4178989327504198,6.0,9.0,True,,,,
CRVS,bullish,27.66933243691982,145.18932340161393,44027.3,,19.75,True,,19.935,19.430065,20.944869999999998,0.5049349999999997,2026-01-20 20:30:00+00:00,0.09999999999998348,0.1285347043701909,0.0,7,0.35237855524792494,85,2.58030542390733,1898.75,1953.6823529411765,1.0289307981257019,20.13179308643554,15,30,-0.15048908954099618,0.9781790820165552,0.6019563581640381,2.131928768497621,3.38600451467269,7.424128417356411,7.424128417356411,10.709806872335099,0.42638575369951,4.228267004663972,0.16833849901471942,25.0,1.0,False,7.0,10.0,17.0,20.0
PTON,bearish,5.972464033420169,-27.810650887573974,532612.5,,4.27,True,,4.22,4.32922,4.001559999999999,0.10922000000000054,2026-02-05 20:30:00+00:00,0.10000000000000267,0.11481056257177454,0.6888633754305452,10,0.7058823529411823,98,0.2301495972382204,4682.909090909091,4304.418367346939,0.9191761539217334,-5.832300818938066,15,30,0.9478672985782,1.0663507109004722,1.4218009478672893,0.5924170616113618,2.3696682464454897,-4.028436018957344,-4.028436018957344,3.0805687203791448,4.028436018957344,1.1902581944698705,1.556491485075985,15.0,29.0,True,1.0,15.0,,
DOCS,bearish,5.217202869663169,-17.401740174017394,125749.95,,27.53,True,,27.785,27.472215,28.410570000000003,0.31278500000000165,2026-02-06 20:40:00+00:00,0.09999999999997984,0.14477017734347702,0.4705030763662649,14,0.2344877344877391,14,0.1446131597975385,1127.9333333333334,1772.0,1.5710148353921625,7.4338358874451655,15,40,0.19794853338131985,-0.12596724851538652,-0.16195789094834678,-0.017995321216480134,0.19794853338131985,0.16195789094835955,0.16195789094835955,0.34191110311318645,0.32391578189670633,0.3037230046197815,0.28773758332400656,7.0,6.0,False,,,,
HUBG,bearish,6.747795388519104,-19.162609542356385,33991.25,,41.51,True,,44.73,42.78527,48.61946,1.9447299999999998,2026-02-06 20:51:00+00:00,0.10000000000000284,0.011683607898108312,0.08178525528682459,8,2.5447042640990363,196,0.023364485981320366,1947.5555555555557,676.2908163265306,0.34725110377332125,7.78197922096413,15,51,4.381846635367748,4.851330203442868,4.6836575005589065,6.21506818689916,6.21506818689916,6.21506818689916,6.21506818689916,6.662195394589753,0.0,1.5323463925583485,0.0,8.0,1.0,False,1.0,1.0,8.0,
PLSE,bullish,7.051583943485779,45.68807339449542,5435.8,,19.85,True,,20.24,19.50976,21.700479999999995,0.7302399999999984,2026-02-06 20:39:00+00:00,0.10000000000000567,4.417879417879425,1.5072765072765215,6,0.1980198019801938,23,0.0,287.0,373.39130434782606,1.3010149977276169,4.96826521220755,15,39,-0.19762845849801955,-0.19762845849801955,-0.4940711462450488,-0.9140316205533534,-0.24703557312251564,2.5197628458498103,2.5197628458498103,2.593873517786572,0.9140316205533534,0.7189417177914157,0.25334136722173406,20.0,9.0,False,20.0,,,
EVMN,bullish,22.979203372248108,78.92878163625663,12146.2,,30.4,True,,30.765,29.734235,32.82653,1.0307649999999988,2026-02-10 20:30:00+00:00,0.09999999999998463,6.580779944289696,3.6385793871866356,4,0.14648437500000555,44,0.35935968637699917,409.8,468.52272727272725,1.1432960645991392,11.767381514148862,15,30,0.178774581504956,1.8527547537786455,7.264748902974157,2.194051682106292,-3.4292215179587187,-6.468389403542993,-6.468389403542993,7.362262311067773,7.004713148057862,2.1973970788686104,2.090680222941217,5.0,29.0,True,3.0,4.0,5.0,5.0
NKTR,bullish,5.571070190596147,46.685567706223864,24016.75,,54.325,True,,55.28,53.19472,59.45056000000001,2.0852800000000045,2026-02-10 20:42:00+00:00,0.09999999999999318,1.1393847322445907,1.1203949867071845,9,0.1267886252490496,170,0.26355421686747094,2464.4,492.72352941176473,0.1999365076334056,4.540945886726234,15,42,-0.09949348769898647,-0.09949348769898647,-0.37083936324167566,-1.4200434153400936,0.09949348769898647,1.3748191027496346,1.3748191027496346,2.4692474674384983,1.628075253256148,0.6545883526432896,0.4315967160285414,16.0,10.0,False,16.0,,,
PAL,bearish,7.2242010792070905,-23.76425855513308,8941.75,,8.02,True,,7.81,7.89781,7.634379999999999,0.08781000000000017,2026-02-10 20:46:00+00:00,0.09999999999998985,5.307599517490948,4.825090470446315,2,0.3190810465858373,2,0.19144862795149561,269.6666666666667,415.0,1.5389369592088997,-6.313183735710111,15,46,0.06402048655569646,0.06402048655569646,0.7042253521126725,0.5121638924455831,0.5121638924455831,0.5121638924455831,0.5121638924455831,1.920614596670928,0.0,1.7082336863682859,0.0,6.0,8.0,True,4.0,6.0,6.0,
MH,bullish,6.019441297042176,17.57796678817335,36273.3,,14.515,True,,14.475,14.654475,14.11605,0.17947500000000005,2026-02-12 20:37:00+00:00,0.0999999999999817,0.03450655624569207,1.0351966873706029,4,0.06903693476009519,24,0.1035554021401489,627.8,518.4166666666666,0.8257672294786025,-4.002517880997749,15,37,0.0,-0.44905008635578236,-0.31088082901554354,-0.103626943005173,-0.6908462867012065,-1.2435233160621741,-1.2435233160621741,0.034542314335065855,1.5889464594127836,0.02785903329154913,1.281515531411062,8.0,21.0,True,,,,
NRGV,bearish,9.795411228663697,-23.152709359605904,88853.85,,3.12,True,,3.09,3.2180899999999997,2.8338200000000002,0.12808999999999982,2026-02-12 20:41:00+00:00,0.09999999999997965,0.6309148264984233,1.419558359621449,8,0.4830917874396175,307,1.269841269841271,3619.1111111111113,2246.416938110749,0.6207095800993718,-4.217661862275082,15,41,-0.32362459546926314,-0.48543689320388755,-0.32362459546926314,0.9708737864077607,-0.48543689320388755,-0.8090614886731508,-0.8090614886731508,2.10355987055016,1.1326860841423994,0.5074556952143028,0.27324537434616436,11.0,18.0,True,11.0,,,
CRSR,bullish,7.873935440590563,51.92096597145994,55005.15,,6.92,True,,6.805,6.911805,6.591389999999999,0.10680500000000048,2026-02-13 20:46:00+00:00,0.09999999999999927,9.52380952380952,8.664021164021156,3,0.07342143906020401,188,0.5873715124816452,1498.75,796.3936170212766,0.531371887920785,-4.759165361437195,15,46,-0.1469507714915472,0.0734753857457736,-0.2204261572373208,0.6612784717119755,-0.2204261572373208,-0.2204261572373208,-0.2204261572373208,1.2490815576781773,0.367376928728868,0.7958428912504055,0.2340714386030556,9.0,6.0,False,8.0,,,
CMPS,bullish,11.949545109136862,34.6551724137931,50072.45,,7.81,True,,7.72,7.83772,7.484559999999999,0.11772000000000027,2026-02-17 20:30:00+00:00,0.09999999999998783,1.390644753476616,1.011378002528446,1,0.6435006435006413,2,0.3861003861003893,898.5,1352.0,1.5047301057317752,-4.041203208359561,15,30,-0.3886010362694218,-1.2953367875647623,-2.072538860103629,-2.4611398963730506,-1.5544041450777215,-1.1658031088082883,-1.1658031088082883,0.0,2.655440414507773,0.0,1.7414203194019675,1.0,10.0,True,,,,
CDNL,bullish,5.4264474825879985,31.047077922077914,6396.45,,32.29,True,,33.08,32.00192,35.23616,1.07808,2026-02-19 20:49:00+00:00,0.09999999999999462,0.6471494607087634,1.2788906009245185,4,0.33363663936912175,8,0.0,228.4,189.75,0.8307793345008756,4.829425590923692,15,49,,-1.7230955259975824,-1.8893591293833132,-2.6602176541716913,-2.6602176541716913,-2.6602176541716913,-2.6602176541716913,0.0,3.1136638452237038,0.0,0.9554021964974782,2.0,10.0,True,,,,
KLAR,bearish,7.967060941999184,-26.691331923890072,164491.65,,13.87,True,,13.755,14.043754999999999,13.177490000000004,0.2887549999999983,2026-02-19 20:49:00+00:00,0.09999999999999809,0.395683453237408,0.9352517985611439,12,0.07264802034144414,49,0.18057060310580408,2223.6923076923076,2900.387755102041,1.304311637481892,-2.961605054686901,15,49,-0.03635041802980011,-0.10905125408941323,0.10905125408942615,-0.6906579425663312,-0.6906579425663312,-0.6906579425663312,-0.6906579425663312,0.3998545983278916,1.1268629589240229,0.19047289224429642,0.536787241779364,5.0,10.0,True,,,,
CCOI,bearish,6.756999836035532,-27.89724072312083,41472.4,,18.945,True,,19.13,18.91087,19.56826,0.21912999999999982,2026-02-20 20:31:00+00:00,0.09999999999998424,5.23993381136238,4.412575841147274,1,0.26205450733752994,2,0.2100840336134409,676.5,883.0,1.3052475979305247,5.209726564313564,15,31,0.1829587036069009,-0.026136957658141967,-0.10454783063251216,0.5488761108207028,1.3591217982226766,2.8227914270778838,2.8227914270778838,3.3455305802404633,0.33978044955567843,2.9206407155569805,0.2966275726737614,26.0,5.0,False,8.0,13.0,18.0,18.0
CECO,bearish,5.871143195548174,-22.1335735426586,15112.9,,60.51,True,,59.76,60.50976,58.260479999999994,0.749760000000002,2026-02-24 20:49:00+00:00,0.09999999999999523,1.1184210526315785,0.5756578947368328,8,0.23372287145242165,42,0.2744510978043898,329.77777777777777,399.1190476190476,1.2102666538313438,-4.979782051551488,15,49,-0.4016064257028146,-0.38487282463186745,-0.33467202141901414,-0.33467202141901414,-0.33467202141901414,-0.33467202141901414,-0.33467202141901414,0.0,0.5689424364123217,0.0,0.45347844643619634,1.0,10.0,True,,,,
FWRG,bearish,5.446664941749785,-18.82656350741457,58360.3,,12.59,True,,12.385,12.837385,11.48023,0.4523849999999996,2026-02-24 20:31:00+00:00,0.09999999999998638,4.577334809892944,5.315614617940204,38,0.800961153384058,22,0.15473887814313017,1221.2564102564102,1125.590909090909,0.9216663262832614,-7.308278061115805,15,31,-0.32297133629391134,0.20185708518369283,0.2825999192571671,1.0092854259184496,0.9689140088817055,0.5248284214775898,0.5248284214775898,1.7359709325797323,0.4844570044408599,0.4752589055782134,0.1326303922543863,15.0,24.0,True,,,,
DRVN,bearish,9.524413366035242,-29.6096096096096,57489.0,,11.72,True,,11.94,11.523060000000001,12.773879999999997,0.41693999999999853,2026-02-25 20:37:00+00:00,0.09999999999999308,0.5176876617773986,0.47454702329594234,3,1.1864406779660914,298,1.8998272884283303,5128.5,1485.755033557047,0.28970557347314946,11.01521191426167,15,37,0.08375209380234327,1.8425460636515818,2.6800670016750443,2.638190954773865,2.7219430485762084,2.847571189279731,2.847571189279731,3.6850921273031787,0.0,1.0553077181369046,0.0,19.0,1.0,False,3.0,18.0,,
RYAM,bullish,5.782450637964217,40.90592334494773,35072.5,,10.11,True,,10.38,10.23962,10.660760000000002,0.1403800000000004,2026-02-25 20:54:00+00:00,0.09999999999997915,1.0268948655256764,0.24449877750611593,6,0.1447178002894411,43,0.0,377.7142857142857,1007.0232558139535,2.6660978784786966,4.929538972015898,15,54,-0.19267822736032128,-0.867052023121403,-1.4450867052023153,-1.4450867052023153,-1.4450867052023153,-1.4450867052023153,-1.4450867052023153,0.5780346820809125,1.4450867052023153,0.42741131215271794,1.0685282803818201,1.0,5.0,True,,,,
CBZ,bullish,5.909673747305751,15.83287520615723,61844.7,,31.605,True,,31.91,31.27309,33.18382,0.6369100000000003,2026-02-26 20:43:00+00:00,0.09999999999998851,0.7853822728001314,0.35262061227760677,7,0.031347962382450044,291,0.430416068866576,729.5,1191.8762886597938,1.6338263038516707,3.5269285034947937,15,43,-0.18802883108742938,-0.07834534628642613,0.20369790034472354,0.06267627702914313,-0.4387339392040131,-0.47007207771857906,-0.47007207771857906,0.5327483547477222,1.2065183328110358,0.2669136926724311,0.6044810098758088,6.0,13.0,True,,,,
CSTE,bearish,6.492410075899241,-24.455284552845523,3636.4,,0.9292,True,,0.89,0.96219,0.7456200000000001,0.07218999999999998,2026-03-04 20:52:00+00:00,0.0999999999999815,3.061224489795921,1.9081632653061162,5,0.868790376475833,2,0.0,502.6666666666667,7446.0,14.812997347480106,-7.135287595509832,15,52,,,,,,,,,,,,,,,,,,
RLMD,bullish,19.159887462213042,56.98198198198197,33411.0,,6.97,True,,7.16,6.95284,7.57432,0.20716,2026-03-09 19:33:00+00:00,0.09999999999998525,0.8510638297872412,1.2765957446808491,1,0.4912280701754406,8,0.14064697609001106,1479.5,1036.625,0.7006590064210882,14.25742320719015,15,33,0.0,0.0,1.815642458100557,0.4189944134078247,2.5139664804469235,0.0,0.0,3.3519553072625725,0.5586592178770954,1.1585248117397189,0.19308746862328652,20.0,11.0,False,5.0,15.0,,
KLC,bearish,6.714728444868207,-43.421052631578945,35606.95,,1.935,True,,1.89,1.9318899999999999,1.80622,0.04188999999999998,2026-03-13 19:53:00+00:00,0.0999999999999972,0.7853403141361206,1.0471204188481684,4,0.26385224274406943,28,0.7915567282321848,346.6,511.10714285714283,1.4746311103783694,-7.667108595201784,15,53,-0.0,0.26455026455025893,0.26455026455025893,-2.6455026455026482,-2.6455026455026482,-2.6455026455026482,-2.6455026455026482,0.26455026455025893,3.174603174603178,0.11936022917163751,1.4323227500596822,3.0,6.0,True,,,,
LIDR,bullish,30.632818815196888,19.35483870967742,12989.5,,1.85,True,,1.825,1.866825,1.74135,0.041825,2026-03-17 19:41:00+00:00,0.09999999999998595,0.8108108108108174,0.8108108108108055,2,0.5449591280653956,27,0.27247956403270385,970.6666666666666,847.1851851851852,0.8727869352869354,-12.342975110039568,15,41,2.1917808219178103,1.9178082191780899,2.4657534246575423,2.1917808219178103,0.27397260273973234,0.27397260273973234,0.27397260273973234,4.109589041095888,0.0,1.7931858936043026,0.0,7.0,17.0,True,1.0,5.0,6.0,
CTMX,bearish,5.184802446393687,-18.198529411764707,240566.35,,4.45,True,,4.435,4.484435,4.336129999999998,0.049435000000000784,2026-03-18 19:56:00+00:00,0.09999999999997923,0.21929824561403044,1.7543859649122628,9,0.337078651685406,27,0.21978021978021509,7158.7,6987.7037037037035,0.9761134987782284,-7.015527321775853,15,56,0.5636978579481278,1.2401352874859013,1.2401352874859013,1.2401352874859013,1.2401352874859013,1.2401352874859013,1.2401352874859013,1.5783540022547777,0.0,1.4160008091432847,0.0,3.0,1.0,False,1.0,3.0,,
PICS,bearish,6.167512850563153,-20.709309689677006,23763.55,,12.52,True,,12.35,12.77735,11.495299999999999,0.42735000000000056,2026-03-19 19:54:00+00:00,0.0999999999999827,2.393095331502548,0.1569242840329647,9,0.12131014961585579,21,0.40192926045016647,315.4,312.1904761904762,0.9898239574840717,-3.599245989899195,15,54,-0.0404858299595205,0.36437246963562697,0.6072874493927068,0.6072874493927068,0.6072874493927068,0.6072874493927068,0.6072874493927068,0.6072874493927068,0.0404858299595205,0.1755001755001736,0.011700011700013514,5.0,1.0,False,,,,
CURV,bullish,9.51295945047855,30.399999999999995,20614.3,,1.63,True,,1.605,1.651605,1.51179,0.04660500000000001,2026-03-20 19:56:00+00:00,0.09999999999997723,0.6097560975609762,0.6097560975609762,2,0.31055900621118726,52,1.2422360248447077,735.6666666666666,663.7115384615385,0.9021905824126033,-4.781071638373172,15,56,,1.5576323987538885,1.5576323987538885,1.5576323987538885,1.5576323987538885,1.5576323987538885,1.5576323987538885,2.1806853582554466,0.0,0.7509923827915441,0.0,3.0,2.0,False,3.0,,,
MPTI,bullish,8.093202115009994,21.623345558922015,1976.35,,76.27,True,,76.66,75.38333999999999,79.21332000000001,1.2766600000000068,2026-03-25 19:51:00+00:00,0.10000000000000517,0.5966747117189695,1.1799410029498465,7,0.5113412875311402,9,0.0,798.875,212.22222222222223,0.2656513499886994,4.626108995072609,15,51,,0.39133837725019194,0.39133837725019194,0.39133837725019194,0.39133837725019194,0.39133837725019194,0.39133837725019194,0.39133837725019194,0.0,0.23498817226199267,0.0,3.0,2.0,False,,,,
PAYS,bullish,5.1601005106262745,35.333333333333336,19818.8,,5.075,True,,5.205,5.124795,5.365410000000001,0.0802050000000003,2026-03-25 19:39:00+00:00,0.10000000000000243,1.0689990281827135,0.291545189504367,3,0.0961538461538441,43,0.0,276.25,599.3953488372093,2.169756918867726,3.375010492970355,15,39,-0.28818443804033966,-0.48030739673391654,-0.8645533141210362,-1.1527377521613928,-0.48030739673391654,-1.2487992315081728,-1.2487992315081728,0.0,1.7291066282420724,0.0,1.1221245558256907,16.0,8.0,False,,,,
JILL,bearish,5.552392194986459,-21.409485637942552,2880.2,,11.765,True,,11.595,11.493405000000001,11.79819,0.10159499999999966,2026-03-31 19:36:00+00:00,0.09999999999999827,4.05040504050406,3.5553555355535678,1,0.3027681660899666,1,0.0,191.5,280.0,1.4621409921671018,5.581201243492442,15,36,,,-0.0,0.6468305304010441,1.8973695558430412,0.7761966364812406,0.7761966364812406,3.3203967227253104,0.3880983182406203,3.789556572665988,0.4429351838181021,19.0,6.0,False,10.0,12.0,12.0,12.0
ORIC,bearish,9.829954689603522,-39.09090909090909,66629.3,,7.705,True,,7.64,7.72764,7.464719999999999,0.08764000000000038,2026-04-01 19:37:00+00:00,0.09999999999998085,0.06439150032195613,0.5795235028976167,20,0.06540222367560358,2,1.28865979381444,1116.4285714285713,1022.5,0.915866922584773,-12.704766035707268,15,37,-0.0,-0.26178010471204793,0.5235602094240842,0.39267015706805447,1.897905759162298,2.159685863874346,2.159685863874346,3.4031413612565418,1.4397905759162346,2.966681880419884,1.2551346417161096,22.0,12.0,False,8.0,13.0,15.0,20.0
NWTG,bearish,322.18918918918916,-27.500000000000007,37.0,,1.16,False,,1.13,1.3011300000000001,0.7877399999999994,0.17113000000000023,2026-04-09 19:34:00+00:00,0.09999999999998703,2.2058823529411784,4.411764705882357,4,2.5862068965517264,6,0.7518796992481209,168.6,273.5,1.6221826809015423,-21.878778700179595,15,34,,2.654867256637151,-1.7699115044247804,-3.539823008849561,-3.539823008849561,-3.539823008849561,-3.539823008849561,3.5398230088495417,5.309734513274342,0.23374043125109426,0.35061064687664334,4.0,8.0,True,,,,
HBIO,bearish,5.657445605511695,-20.664206642066425,2387.65,,4.3,True,,4.28,4.37428,4.091440000000001,0.09427999999999948,2026-04-10 19:42:00+00:00,0.09999999999999104,6.044538706256631,7.317073170731703,13,0.11668611435238958,4,0.0,418.07142857142856,263.25,0.6296770886724756,-5.470966243249874,15,42,,-0.23364485981307911,-0.23364485981307911,-1.0514018691588767,-0.46728971962615823,-0.5841121495326977,-0.5841121495326977,0.0,1.2850467289719558,0.0,0.5833686890114554,2.0,9.0,True,,,,
OGN,bullish,7.554602543029634,26.445086705202314,174394.35,,8.75,True,,8.93,8.73107,9.327859999999998,0.19892999999999894,2026-04-10 19:54:00+00:00,0.09999999999999372,0.28506271379703946,0.3420752565564351,6,0.563063063063051,293,0.686498855835246,9395.857142857143,2475.0,0.26341396664183303,4.110869463140657,15,54,-0.11198208286673894,-0.3919372900335962,-0.8958566629339314,-0.8958566629339314,-0.8958566629339314,-0.8958566629339314,-0.8958566629339314,0.0,1.0078387458006703,0.0,0.45242044940431475,1.0,5.0,True,,,,
FIRY,bullish,33.02114803625378,40.35714285714287,993.0,,3.93,False,,4.08,3.95592,4.3281600000000005,0.12408000000000019,2026-04-15 19:40:00+00:00,0.10000000000000205,0.7518796992481042,0.7518796992481265,3,0.4926108374384351,19,0.24937655860348598,301.25,440.7894736842105,1.4632015723957195,7.978815583975255,15,40,1.5931372549019485,1.715686274509811,3.6764705882353024,7.352941176470584,9.313725490196076,6.617647058823518,6.617647058823518,10.04901960784314,0.0,3.304319793681492,0.0,15.0,1.0,False,1.0,4.0,6.0,7.0
PASG,bearish,66.02565236620964,-43.71514371514372,565.25,,6.56,True,,6.42,6.62642,6.007159999999999,0.2064200000000005,2026-04-20 19:58:00+00:00,0.09999999999997723,0.15186028853454497,0.5315110098709209,5,1.0785824345146422,8,0.5323193916349831,296.1666666666667,380.5,1.2847495779403488,-12.443611138713536,15,58,,,,,,,,,,,,,,,,,,
EFOR,bearish,9.562662109792194,-50.172967630343464,32771.0,,20.165,False,,20.01,20.260009999999998,19.50998000000001,0.25000999999999607,2026-04-23 19:32:00+00:00,0.09999999999999597,0.2737680438028856,0.746640119462412,2,0.02498126405195606,4,0.17469428500124853,2215.0,1177.5,0.5316027088036117,-11.064292798325265,15,32,0.24987506246876914,0.24987506246876914,0.8495752123938115,1.6491754122938622,1.2993503248375888,3.0734632683658267,3.0734632683658267,3.3483258370814672,0.17491254372813664,2.679892804287877,0.13999440022399381,27.0,14.0,False,5.0,6.0,6.0,25.0
RDCM,bullish,7.083366072130117,19.892058596761757,1272.7,,15.55,True,,15.37,15.565370000000001,14.979259999999995,0.19537000000000226,2026-04-23 19:30:00+00:00,0.09999999999998192,1.392405063291143,1.582278481012658,8,0.4533678756476703,1,0.0,115.88888888888889,100.0,0.862895493767977,-0.9724438106276665,15,30,,1.040988939492519,1.040988939492519,0.35783994795056273,0.4554326610279784,-0.45543266102796687,-0.45543266102796687,1.040988939492519,0.45543266102796687,0.8189588985002727,0.35829451809386137,2.0,25.0,True,2.0,,,
LIDR,bullish,47.69237319809058,31.56342182890855,21137.3,,2.23,True,,2.2,2.2622,2.0756000000000006,0.06219999999999981,2026-04-24 19:30:00+00:00,0.10000000000000918,0.8810572687224677,0.4405286343612437,19,0.6772009029345228,60,0.8888888888888897,1273.6,1091.15,0.8567446608040202,-13.279131562726446,15,30,,,-0.9090909090909097,-0.9090909090909097,0.0,-0.22727272727274261,-0.22727272727274261,2.045454545454542,2.2727272727272845,0.7234726688102905,0.8038585209003283,24.0,4.0,False,22.0,,,
CMPX,bearish,11.879251446369139,-65.30815109343936,163841.3,,1.745,True,,1.72,1.77172,1.61656,0.05171999999999999,2026-04-27 19:30:00+00:00,0.09999999999998382,24.57264957264957,24.358974358974354,7,0.8645533141210446,75,1.142857142857144,3814.375,3621.5066666666667,0.9494364520181332,-14.03800545765268,15,30,-0.8720930232558213,-0.2906976744186114,-0.2906976744186114,-0.0,-1.7441860465116297,-3.4883720930232593,-3.4883720930232593,1.1627906976744196,4.651162790697678,0.38669760247486507,1.5467904098994603,12.0,29.0,True,,,,
OPCH,bearish,7.242112543410442,-25.78663191212065,108729.6,,19.93,True,,20.0,19.805,20.39,0.19500000000000028,2026-04-30 19:39:00+00:00,0.09999999999998009,0.10047726701833495,0.4019090680733577,4,0.02500625156288575,7,0.2764513696908757,4484.2,6458.857142857143,1.4403588472541686,5.13274841250918,15,39,0.07500000000000284,-0.8000000000000007,-1.1500000000000021,-1.6249999999999967,-2.375000000000007,-1.4250000000000007,-1.4250000000000007,0.19999999999999576,2.475000000000005,0.20512820512820046,2.5384615384615397,2.0,14.0,True,,,,
EMBC,bearish,12.610773209944806,-56.65584415584416,35357.15,,4.005,True,,3.98,4.073980000000001,3.7920399999999987,0.09398000000000062,2026-05-05 19:55:00+00:00,0.09999999999998564,6.6744730679156845,4.683840749414504,17,0.12547051442910648,59,0.0,616.5555555555555,1163.4915254237287,1.8870830291608505,-6.101532346143886,15,55,0.7537688442211007,1.0050251256281415,2.010050251256283,2.010050251256283,2.010050251256283,2.010050251256283,2.010050251256283,2.010050251256283,0.0,0.8512449457331298,0.0,4.0,1.0,False,2.0,,,
JRVR,bearish,11.596722460311044,-21.661237785016286,11130.3,,4.81,True,,4.705,4.904705000000001,4.305589999999999,0.1997050000000007,2026-05-05 19:40:00+00:00,0.09999999999998971,0.31479538300104265,2.833158447009458,3,0.42328042328041426,138,0.9523809523809509,1963.0,844.1521739130435,0.4300316729052692,-6.132845523816655,15,40,-0.10626992561104981,-0.10626992561104981,1.2752391073326355,2.1253985122210337,2.7630180658873513,0.21253985122209962,0.21253985122209962,2.7630180658873513,0.42507970244419924,0.6509601662452088,0.10014771788387625,15.0,19.0,True,8.0,,,
ONT,bearish,5.271591145623149,-19.859282796187017,11770.45,,17.655,True,,17.31,17.467309999999998,16.99538,0.15730999999999895,2026-05-07 19:42:00+00:00,0.09999999999997014,0.14330753797648943,0.02866150759529381,4,0.028876696505934493,69,0.0,481.4,379.57971014492756,0.7884912965204146,-3.2259710410636493,15,42,,0.028885037550543072,0.14442518775273588,-0.11554015020219281,-1.039861351819756,-0.8665511265164769,-0.8665511265164769,0.577700751010964,1.6175621028307403,0.6356874960269437,1.779924988875488,5.0,13.0,True,5.0,,,
PTRN,bullish,5.134108421508595,14.761570827489473,49172.9,,16.365,True,,16.84,16.57316,17.373679999999997,0.2668399999999984,2026-05-07 19:53:00+00:00,0.09999999999996947,1.57671315949061,0.6064281382656243,8,0.178465199286146,5,0.0,447.55555555555554,930.4,2.0788480635551143,7.8620223295793865,15,53,0.7719714964370487,0.7125890736342102,0.7719714964370487,0.6532066508313505,0.6532066508313505,0.6532066508313505,0.6532066508313505,1.0688836104513049,0.0,0.6745615350022516,0.0,5.0,2.0,False,3.0,,,
RXT,bullish,8.012344712914931,52.75938189845474,231937.35,,3.46,True,,3.51,3.5935099999999998,3.34298,0.08350999999999997,2026-05-07 19:50:00+00:00,0.09999999999998456,12.07970112079701,10.585305105853047,5,0.14224751066857289,4,0.0,2401.1666666666665,1429.5,0.5953356007496357,-11.479098251820417,15,50,-0.7122507122507098,-0.5698005698005577,0.42735042735043094,0.8547008547008619,0.8547008547008619,0.8547008547008619,0.8547008547008619,1.2820512820512928,0.8547008547008492,0.5388576218417003,0.3592384145611282,7.0,1.0,False,7.0,,,
BZFD,bullish,556.7040750824535,110.22650210226503,2258.85,,1.55,True,,1.41,1.47641,1.2771799999999998,0.06641000000000008,2026-05-12 19:48:00+00:00,0.09999999999999372,0.6896551724137937,1.7241379310344922,2,0.35335689045937213,241,1.7667844522968137,506.6666666666667,3248.336099585062,6.411189670233675,-10.641948071879849,15,48,0.0,-0.7092198581560291,-3.900709219858152,-3.5460992907801296,-3.5460992907801296,-3.5460992907801296,-3.5460992907801296,0.7092198581560291,3.900709219858152,0.15057973196807706,0.8281885258244222,2.0,4.0,True,,,,
HROW,bearish,6.3885350200016,-23.036511688993958,26885.35,,29.3,True,,28.89,29.11889,28.43222,0.22888999999999982,2026-05-12 19:48:00+00:00,0.09999999999998953,0.034036759700469744,0.9870660313138161,9,0.37931034482758424,4,0.0681431005110718,473.1,497.75,1.0521031494398647,-5.863245542051492,15,48,-0.0,0.17307026652821292,-0.46728971962616134,-0.4845967462789912,-0.6576670128071919,-0.6576670128071919,-0.6576670128071919,0.224991346486678,1.2114918656974658,0.2839792039844525,1.529118790685474,9.0,6.0,False,,,,
CCCC,bullish,6.250899410317649,15.481832543443911,108821.3,,3.655,True,,3.63,3.6786299999999996,3.5327400000000004,0.04862999999999973,2026-05-13 19:34:00+00:00,0.09999999999998227,4.6753246753246795,4.545454545454552,1,0.2747252747252811,10,0.8241758241758188,1210.0,431.7,0.35677685950413224,-3.249312921162079,15,34,-0.275482093663906,-0.137741046831953,-1.1019283746556485,-2.3415977961432497,-0.9641873278236832,0.8264462809917426,0.8264462809917426,3.030303030303039,2.479338842975203,2.26197820275552,1.8507094386181444,22.0,8.0,False,20.0,21.0,21.0,22.0
EYE,bearish,7.4295341802782815,-22.08413001912046,82650.0,,16.3,True,,16.73,16.53827,17.11346,0.19172999999999973,2026-05-13 19:52:00+00:00,0.09999999999997292,0.758495145631068,0.4550970873786364,8,0.3298350824587689,59,0.3914483589280414,1345.888888888889,2058.0677966101694,1.5291513390152336,3.31089833052503,15,52,-0.35863717872085304,0.08965929468021858,-0.6575014943215746,-1.3150029886431491,-1.3150029886431491,-1.3150029886431491,-1.3150029886431491,0.11954572624028437,1.3150029886431491,0.10431335732540344,1.1474469305794563,1.0,7.0,True,,,,
CPSH,bullish,12.075506804392257,82.80467445742903,17198.45,,10.95,True,,11.335,11.113665,11.777670000000004,0.2213350000000016,2026-05-26 19:54:00+00:00,0.09999999999999104,1.72413793103448,6.561302681992343,20,0.1325088339222665,69,0.0,277.3809523809524,539.3478260869565,1.944429930957268,15.234991240908222,15,54,-0.7057785619761806,-0.61755624172916,-1.279223643581838,-1.279223643581838,-1.279223643581838,-1.279223643581838,-1.279223643581838,0.0,1.6321129245699204,0.0,0.8358370795400598,1.0,5.0,True,,,,
QTTB,bullish,25.149236404300588,71.38849929873774,10552.05,,12.22,True,,12.585,11.957415000000001,13.84017,0.6275849999999998,2026-05-27 19:42:00+00:00,0.0999999999999829,1.7915309446254124,2.5244299674266997,5,0.039745627980928316,34,0.0,250.5,832.9411764705883,3.3251144769284964,7.057385132760185,15,42,-0.4370282081843583,1.9467620182757186,1.9467620182757186,-0.5562177195073522,0.7945967421533542,3.297576479936425,3.297576479936425,3.297576479936425,1.1521652761223786,0.6612650079272119,0.23104440036011278,17.0,11.0,False,13.0,,,
PLAB,bearish,8.603681970687193,-35.36448598130841,31757.45,,34.58,True,,34.54,34.70454,34.210919999999994,0.16454000000000235,2026-05-28 19:30:00+00:00,0.09999999999997884,0.7268063274903878,1.1828416702294402,8,0.014473874656252881,7,0.31682027649769423,708.6666666666666,785.2857142857143,1.1081171885499261,-3.2585530851476903,15,30,0.057903879559919,0.07237984944990904,0.1302837290098486,-0.11580775911985858,0.17371163867979814,1.534452808338162,1.534452808338162,1.5489287782281316,0.7237984944991315,3.25148899963528,1.5193873830071498,29.0,17.0,False,15.0,26.0,26.0,26.0
FPS,bullish,5.330333553982803,12.134595162986338,291110.3,,53.32,True,,54.07,53.105929999999994,55.998140000000014,0.9640700000000066,2026-05-29 19:50:00+00:00,0.0999999999999923,0.2815315315315289,0.22522522522523378,12,0.39922012812181495,73,0.4133007702423558,4434.7692307692305,3001.6575342465753,0.6768463877264532,6.258445910616282,15,50,-0.29591270575181006,0.12946180876641444,0.5178472350656578,1.1466617347882326,1.1466617347882326,1.1466617347882326,1.1466617347882326,1.5720362493064572,0.33290179397077807,0.8816787162757846,0.18670843403487142,9.0,1.0,False,6.0,,,
HCAT,bullish,12.462476789030138,46.61654135338345,35005.0,,1.95,True,,1.98,1.9380199999999999,2.0639600000000002,0.04198000000000013,2026-06-04 19:43:00+00:00,0.09999999999998227,0.7712082262210747,0.2570694087403658,6,0.7633587786259493,10,1.28865979381444,1514.5714285714287,1140.0,0.7526881720430108,5.8316719546875015,15,43,0.0,2.525252525252516,1.010101010101011,1.5151515151515054,-2.2727272727272694,-2.5252525252525277,-2.5252525252525277,4.040404040404044,4.040404040404044,1.9056693663649316,1.9056693663649316,7.0,12.0,True,3.0,3.0,7.0,
CURV,bullish,9.977576651833951,12.635379061371843,12910.65,,1.56,True,,1.635,1.5433649999999999,1.8182700000000003,0.09163500000000013,2026-06-05 19:57:00+00:00,0.09999999999998965,0.3105590062111735,4.037267080745352,7,0.3067484662576758,129,1.2422360248447077,1336.625,918.5348837209302,0.6872046263693483,6.854091051188936,15,57,-0.3058103975535239,-0.3058103975535239,-0.3058103975535239,-0.3058103975535239,-0.3058103975535239,-0.3058103975535239,-0.3058103975535239,0.0,0.3058103975535239,0.0,0.05456430403230325,1.0,1.0,True,,,,
DLTH,bullish,7.005477784540474,28.37837837837839,1478.7,,4.275,True,,4.315,4.245685,4.453630000000001,0.06931500000000046,2026-06-08 19:55:00+00:00,0.10000000000000159,0.23364485981307911,0.7009345794392582,2,0.23228803716610164,1,0.3496503496503422,225.66666666666666,1639.0,7.262924667651403,5.237797488696243,15,55,-0.11587485515644916,-0.11587485515644916,-0.11587485515644916,-0.11587485515644916,-0.11587485515644916,-0.11587485515644916,-0.11587485515644916,0.0,0.11587485515644916,0.0,0.07213445863089878,1.0,1.0,True,,,,
CBRL,bullish,5.096552523208231,24.96557422197741,46174.35,,45.375,True,,44.51,44.98451,43.560979999999994,0.4745100000000022,2026-06-10 19:58:00+00:00,0.09999999999997368,4.554201411161006,3.9127645926876315,10,0.03368893879842913,139,0.11200716845877501,422.09090909090907,787.6474820143885,1.8660612324269383,-3.3053211857674922,15,58,-0.20220175241517932,-0.20220175241517932,-0.20220175241517932,-0.20220175241517932,-0.20220175241517932,-0.20220175241517932,-0.20220175241517932,0.07863401482813681,0.359469782071437,0.07376030009905699,0.337189943309932,1.0,1.0,True,,,,
NNDM,bearish,52.681228315899276,-15.05016722408027,144042.75,,1.27,True,,1.21,1.24621,1.1375799999999998,0.036210000000000075,2026-06-15 19:58:00+00:00,0.0999999999999945,0.8000000000000007,0.39999999999999153,18,0.4115226337448655,99,0.8064516129032264,40347.05263157895,21965.242424242424,0.5444076082784447,-4.502664130836083,15,58,-1.6528925619834725,-1.6528925619834725,-1.6528925619834725,-1.6528925619834725,-1.6528925619834725,-1.6528925619834725,-1.6528925619834725,0.8264462809917362,1.6528925619834725,0.2761668047500687,0.5523336095001374,1.0,1.0,True,,,,
CCXI,bullish,15267.53488372093,16.15384615384615,21.5,,12.08,True,,11.875,12.161875,11.30125,0.2868750000000002,2026-06-24 19:58:00+00:00,0.09999999999999881,0.04177109440267988,1.503759398496238,17,0.29387069689336814,32,0.2925198495612214,455.27777777777777,706.96875,1.5528294691885296,-5.719812222463058,15,58,1.1789473684210574,1.1789473684210574,1.1789473684210574,1.1789473684210574,1.1789473684210574,1.1789473684210574,1.1789473684210574,2.3157894736842133,0.16842105263157536,0.958605664488018,0.069716775599127,1.0,1.0,True,1.0,,,
CNVS,bullish,14.34320156000709,25.66037735849057,2820.5,,3.33,True,,3.38,3.28662,3.5667599999999995,0.0933799999999998,2026-06-26 19:35:00+00:00,0.09999999999999817,0.9090909090909167,0.30303030303029654,5,1.1976047904191627,56,0.0,178.66666666666666,387.5892857142857,2.1693430170575696,5.057581108433071,15,35,,0.44378698224852436,-1.7751479289940846,-2.071005917159759,-5.029585798816566,-5.32544378698224,-5.32544378698224,0.5917159763313614,6.213017751479289,0.21417862497322832,2.248875562218895,2.0,19.0,True,,,,
EVMN,bearish,11.189403315945707,-37.60445682451253,29005.3,,15.68,True,,15.06,15.67506,13.829880000000001,0.6150599999999997,2026-06-29 19:51:00+00:00,0.09999999999998868,0.7241606319947297,3.0941408821593197,15,0.1326259946949574,70,1.1936339522546402,751.6875,1205.2285714285715,1.6033638598866837,-7.516588511957723,15,51,0.33200531208499806,-0.06640106241699725,0.46480743691899257,0.19920318725100356,0.19920318725100356,0.19920318725100356,0.19920318725100356,0.5312084993359899,0.3984063745019835,0.1300686111924042,0.09755145839430096,5.0,7.0,True,,,,
IRDM,bullish,5.555071456274409,25.14633306553427,108678.35,,54.52,True,,54.595,54.065405,55.65419,0.5295950000000005,2026-06-29 19:59:00+00:00,0.09999999999998525,0.036724201248615536,0.6243114212265946,12,0.17431192660550252,8,0.09182736455463206,5033.076923076923,4096.875,0.8139901421366346,2.1865168664087453,15,59,,,,,,,,,,,,,,,,,,
RPID,bullish,5.728237537735285,12.820512820512828,5846.65,,1.98,True,,2.02,1.95798,2.14404,0.062019999999999964,2026-07-10 19:38:00+00:00,0.09999999999999558,2.5773195876288684,1.0309278350515474,18,0.4975124378109568,22,1.0152284263959401,666.7894736842105,331.45454545454544,0.4970902489254372,5.2708770428338845,15,38,,,0.4950495049504845,-0.7425742574257487,2.2277227722772244,0.990099009900991,0.990099009900991,5.693069306930681,0.7425742574257487,1.8542405675588494,0.24185746533376545,19.0,10.0,False,13.0,18.0,18.0,
PYPL,bullish,5.568528789786476,17.637745408486396,655640.5,,55.725,True,,55.75,55.554249999999996,56.14150000000001,0.19575000000000387,2026-07-15 19:35:00+00:00,0.09999999999998042,0.2970297029703083,0.1080108010801121,1,0.026913070781377176,4,0.07181973247149501,20115.5,25476.25,1.2664984713280802,1.3680623169371358,15,35,-0.06278026905828984,-0.00896860986547544,0.08071748878924073,0.15246636771300603,-0.5739910313901351,-0.4125560538116536,-0.4125560538116536,0.23318385650224674,0.6995515695067275,0.6641123882503193,1.9923371647509214,10.0,16.0,True,10.0,,,
QTTB,bearish,6.079430514543971,-11.696380334954092,34627.75,,16.345,True,,16.215,16.546215,15.55257,0.33121500000000026,2026-07-15 19:33:00+00:00,0.09999999999997179,0.12292562999385111,1.598033189920108,4,0.21538461538461623,13,0.0,560.6,889.3846153846154,1.5864870056807265,-5.463431989370056,15,33,,0.7092198581560187,1.0484119642306393,0.9559050262103062,1.3259327782917043,3.3302497687326493,3.3302497687326493,3.9161270428615467,0.15417823003391046,1.9171837024289338,0.0754796733239695,26.0,2.0,False,5.0,13.0,26.0,
MPLT,bearish,11.009858022802444,-70.6703146374829,34149.85,,10.72,True,,10.66,11.03066,9.918680000000002,0.3706599999999991,2026-07-27 19:43:00+00:00,0.09999999999998023,0.7668019846639679,0.5863779882724517,30,0.09372071227741131,11,0.909090909090906,2399.3870967741937,4833.090909090909,2.014302283941036,-8.667501530588929,15,43,0.09380863039399424,0.4221388367729824,0.7035647279549652,4.409005628517829,6.285178236397748,6.285178236397748,6.285178236397748,6.378986866791742,0.0,1.8345653698807567,0.0,13.0,1.0,False,7.0,8.0,12.0,
LMB,bearish,6.4563981523780525,-33.06053520394908,7880.4,,51.53,True,,50.51,51.110510000000005,49.308979999999984,0.600510000000007,2026-08-05 19:48:00+00:00,0.09999999999997726,0.14430014430014976,1.7604617604617587,8,0.23701362828363529,59,0.0,433.6666666666667,332.5762711864407,0.7668937844422152,-5.556338634665665,15,48,0.9899029895070284,1.346268065729558,1.9798059790140567,2.276776875866162,2.276776875866162,2.276776875866162,2.276776875866162,2.7321322510393893,0.0,2.2980466603386778,0.0,9.0,1.0,False,1.0,3.0,5.0,7.0
QNST,bullish,12.857198405754836,38.48684210526317,36004.5,,21.05,True,,21.115,20.998884999999998,21.34723,0.11611500000000063,2026-08-07 19:49:00+00:00,0.09999999999997473,0.1427212178877314,0.0,6,0.16603415559772366,7,0.0,490.14285714285717,332.0,0.6773535412416205,2.887020481414722,15,49,0.7814349988160205,0.5919962112242482,0.16575893914279016,-0.2604783329386679,-0.2604783329386679,-0.2604783329386679,-0.2604783329386679,0.7814349988160205,0.6393559081221787,1.4210050381087869,1.1626404857253352,1.0,6.0,True,1.0,1.0,,
BWMN,bullish,18.18441640225737,55.99264705882353,6193.05,,42.43,True,,42.47,42.16753,43.07494,0.3024699999999996,2026-08-10 19:39:00+00:00,0.09999999999998695,0.2361275088547849,0.33057851239669556,10,0.011774402449065,171,0.035335689045937736,864.4545454545455,466.64912280701753,0.5398191556291085,0.30768422477571533,15,39,,,-0.023546032493520157,-0.047092064987040314,0.0,-0.09418412997409736,-0.09418412997409736,0.023546032493520157,0.09418412997409736,0.03306113002941787,0.132244520117695,15.0,20.0,True,,,,
OGI,bullish,28.57705286839145,17.87439613526571,3022.6,,1.22,True,,1.23,1.21377,1.26246,0.016229999999999967,2026-08-11 19:30:00+00:00,0.10000000000000522,0.8264462809917362,0.41322314049587733,1,0.40816326530611374,8,0.40983606557377994,700.0,426.25,0.6089285714285714,3.332020413396022,15,30,,0.40650406504065983,0.40650406504065983,0.40650406504065983,-0.8130081300813016,0.0,0.0,0.40650406504065983,1.2195121951219432,0.3080714725816467,0.9242144177449128,3.0,13.0,True,,,,
CLBT,bearish,17.979124598350317,-33.75900458415193,77057.2,,10.115,True,,10.64,10.279359999999999,11.361280000000004,0.36064000000000185,2026-08-13 19:52:00+00:00,0.09999999999998732,0.18921475875117855,2.649006622516567,8,0.1883239171374892,283,1.3358778625954082,2263.777777777778,3210.8021201413426,1.4183380328493218,3.8961752416316857,15,52,-0.42293233082706694,-1.2218045112781861,-0.939849624060147,-1.644736842105253,-1.644736842105253,-1.644736842105253,-1.644736842105253,0.0,1.6917293233082678,0.0,0.499112688553679,5.0,7.0,True,,,,
HTFL,bullish,9.408154659135182,35.87552402450821,59164.95,,42.135,True,,42.39,41.89761,43.37478,0.4923900000000003,2026-08-14 19:34:00+00:00,0.09999999999999407,2.4682395644283024,1.4882032667876461,7,0.09445100354191062,15,0.01180776951234516,1177.375,1072.8,0.9111795307357469,4.527894662079941,15,34,0.07077140835102887,-0.4010379806558191,-0.2948808681292758,-0.0471809389006915,-0.4010379806558191,-0.6959188487850949,-0.6959188487850949,0.07077140835102887,1.2856805850436464,0.06092731371474058,1.106846199151082,1.0,18.0,True,,,,
IDN,bearish,8.926838450598176,-26.33689839572193,14343.6,,2.755,True,,2.855,2.767145,3.0307099999999996,0.0878549999999998,2026-08-14 19:40:00+00:00,0.0999999999999785,1.4388489208633108,0.35971223021581966,53,0.1754385964912243,56,1.0638297872340514,585.8888888888889,577.8928571428571,0.9863523069003819,1.942568396267692,15,40,0.17513134851137982,0.7005253940455347,1.0507880910682945,1.9264448336252245,2.2767075306479843,1.7513134851138292,1.7513134851138292,2.2767075306479843,0.5253940455341549,0.7398554436287075,0.17073587160662637,14.0,2.0,False,8.0,,,
IMXI,bullish,10.228835359426023,24.22041862451943,24237.95,,14.54,True,,14.575,14.435424999999999,14.85415,0.13957500000000067,2026-08-14 19:57:00+00:00,0.09999999999998023,0.2073255010366231,0.13821700069109433,6,0.03431708991076874,29,0.27662517289072713,1881.2857142857142,560.4827586206897,0.2979253785666966,2.4909914126558883,15,57,0.10291595197255965,0.034305317324190614,0.034305317324190614,0.034305317324190614,0.034305317324190614,0.034305317324190614,0.034305317324190614,0.17152658662092868,0.1715265866209165,0.17911517105499003,0.1791151710549773,1.0,2.0,True,,,,
KLC,bearish,7.842205217210328,-46.217616580310874,26907.1,,2.595,True,,2.585,2.642585,2.46983,0.057585,2026-08-14 19:55:00+00:00,0.09999999999999372,0.38387715930901295,1.3435700575815794,2,0.38535645472062546,11,0.19267822736030416,989.0,461.72727272727275,0.46686276312161046,-10.944384170231508,15,55,-0.0,0.1934235976789127,-0.9671179883945807,-0.9671179883945807,-0.9671179883945807,-0.9671179883945807,-0.9671179883945807,0.1934235976789127,0.9671179883945807,0.08682816705739158,0.43414083528696557,2.0,4.0,True,,,,
EYPT,bearish,12.916909212305594,-68.33898305084746,88814.9,,4.67,True,,4.715,4.660285,4.8244299999999996,0.05471499999999985,2026-08-17 19:35:00+00:00,0.0999999999999817,1.6339869281045791,1.6339869281045791,6,0.10615711252653702,121,0.4305705059203545,1452.5714285714287,2244.471074380165,1.545170881260932,5.886358764030696,15,35,0.2120890774125087,0.2120890774125087,-0.0,0.2120890774125087,-1.6967126193001076,-3.1813361611877062,-3.1813361611877062,0.4241781548250174,3.9236479321315056,0.3655304761034383,3.3811569039568856,2.0,23.0,True,,,,
CHRS,bullish,5.391177274825962,14.347826086956525,44616.6,,1.315,True,,1.36,1.33364,1.4127200000000004,0.02636000000000016,2026-08-18 19:54:00+00:00,0.10000000000000205,0.3745318352060012,0.0,50,1.1152416356877417,53,0.0,605.9215686274509,1567.1698113207547,2.5864235446689046,4.312444613896508,15,54,0.0,-1.8382352941176567,-2.2058823529411784,-2.2058823529411784,-2.2058823529411784,-2.2058823529411784,-2.2058823529411784,0.0,2.2058823529411784,0.0,1.1380880121395995,1.0,3.0,True,,,,
DTCX,bullish,7.640152363880798,29.850746268656724,2231.5,,2.61,False,,2.65,2.5273499999999998,2.8953,0.12265000000000015,2026-08-21 19:44:00+00:00,0.10000000000000156,0.19880715705764984,0.5964214711729494,12,1.3384321223709252,5,1.0020040080160284,749.0,120.4,0.16074766355140188,6.5428985749623605,15,44,,,,-0.7547169811320762,-1.3207547169811207,-1.3207547169811207,-1.3207547169811207,0.0,1.3207547169811207,0.0,0.28536485935588796,9.0,15.0,True,,,,
GPRO,bullish,9.56215081697368,34.68671679197995,71443.55,,0.8061,True,,0.845,0.814355,0.9062899999999998,0.030644999999999922,2026-08-31 19:48:00+00:00,0.09999999999999817,3.531645569620243,3.189873417721519,7,0.835322195704058,30,0.751416605075141,4947.5,8950.6,1.8091157150075796,8.014441569558677,15,48,-0.28402366863904827,2.059171597633146,1.4319526627218935,4.023668639053258,6.923076923076923,6.923076923076923,6.923076923076923,6.923076923076923,0.9230769230769135,1.90895741556535,0.25452765540871064,12.0,1.0,False,2.0,10.0,12.0,
RNXT,bullish,5.770153125942378,18.48341232227489,10445.65,,2.5,False,,2.57,2.49743,2.7151399999999994,0.0725699999999998,2026-09-02 19:40:00+00:00,0.09999999999998123,3.8854805725971455,2.249488752556244,1,0.3906249999999917,15,0.7874015748031503,700.0,2398.8,3.426857142857143,4.013294149784785,15,40,0.0,-0.3891050583657505,-1.5564202334630364,-0.5836575875486257,-1.7509727626459117,-2.3346303501945544,-2.3346303501945544,0.0,3.307392996108948,0.0,1.1712828992696733,1.0,6.0,True,,,,
CLLS,bearish,52.08039784500621,-40.609951845906906,241.3,,1.85,True,,1.81,1.89181,1.6463800000000002,0.08180999999999994,2026-09-14 19:51:00+00:00,0.09999999999999268,0.5464480874316944,3.2786885245901543,13,0.5494505494505499,11,0.0,203.42857142857142,193.72727272727272,0.9523110316649642,-7.625802474106577,15,51,,,,-0.8287292817679504,-0.8287292817679504,-0.8287292817679504,-0.8287292817679504,0.0,1.1049723756906087,0.0,0.24446889133357821,7.0,7.0,True,,,,
MX,bullish,7.30492756100688,16.423357664233563,11699.5,,3.19,True,,3.14,3.19814,3.0237200000000004,0.05813999999999986,2026-09-21 19:54:00+00:00,0.09999999999997626,0.931677018633548,0.7763975155279613,10,0.6329113924050638,116,1.2539184952978069,566.0,361.91379310344826,0.6394236627269404,-1.9445077112733764,15,54,,0.31847133757961105,1.9108280254777086,1.9108280254777086,1.9108280254777086,1.9108280254777086,1.9108280254777086,1.9108280254777086,0.0,1.0319917440660509,0.0,5.0,2.0,False,4.0,5.0,,
